url,status,event_type,event_date,review_7d,review_14d,freeze_until,last_observation,next_action,notes
https://chartmini.com/blog/stocktwits-social-trading-platform-how-to-use-crowd-wisdom-to-improve-your-trading-decisions-2026,protected_observation,deploy_verified_and_gsc_submitted,2026-08-15,2026-08-22,2026-08-29,2026-08-29,"Production 200/self-canonical/in sitemap verified; user confirmed GSC Request Indexing.","Read-only review on 2026-08-22, then 2026-08-29; avoid edits unless hard defect.","Task20.1 closeout."
https://chartmini.com/blog/prop-trading-firms-funded-accounts,protected_observation,deploy_verified_redirect_consolidation_and_gsc_submitted,2026-08-15,2026-08-22,2026-08-29,2026-08-29,"Owner live 200/self-canonical/in sitemap; duplicate long slug and /blog/2026013102 direct 301; user confirmed GSC Request Indexing.","Review owner/redirect/indexation signals on 2026-08-22 and 2026-08-29.","Task20.2 closeout."
https://chartmini.com/blog/the-recovery-equation-why-a-50-loss-needs-a-100-gain-to-break-even-and-how-to-survive-drawdowns-2026,protected_observation,deploy_verified_and_gsc_submitted,2026-08-15,2026-08-22,2026-08-29,2026-08-29,"Production 200/self-canonical/in sitemap verified; user confirmed GSC Request Indexing.","Read-only review on 2026-08-22 and 2026-08-29; preserve behavioral-recovery boundary.","Task20.3 closeout."
https://chartmini.com/blog/finviz-elite-heatmap-market-visualization-made-simple-2026,protected_observation,deploy_verified_and_gsc_submitted,2026-08-15,2026-08-22,2026-08-29,2026-08-29,"Production 200/self-canonical/in sitemap verified; user confirmed GSC Request Indexing.","Read-only review on 2026-08-22 and 2026-08-29; recheck volatile Finviz product facts only if materially changed.","Task20.4 closeout."
https://chartmini.com/blog/post-trade-review-mastery-how-to-learn-from-every-trade-2026,protected_observation,deploy_verified_and_gsc_submitted,2026-08-15,2026-08-22,2026-08-29,2026-08-29,"Production 200/self-canonical/in sitemap verified; user confirmed GSC Request Indexing.","Read-only review on 2026-08-22 and 2026-08-29; preserve single-trade review boundary.","Task20.5 closeout."
https://chartmini.com/blog/bull-market-vs-bear-market,protected_observation,deploy_verified_existing_indexation_user_confirmed,2026-08-15,2026-08-22,2026-08-29,2026-08-29,"Canonical owner live 200/self-canonical/in sitemap; long duplicate and numeric sources direct 301. User reported owner already indexed, so no GSC resubmission.","Read-only review on 2026-08-22 and 2026-08-29.","Task20.6 closeout."
https://chartmini.com/blog/a-beginners-guide-to-reading-trading-charts-2026,protected_observation,deploy_verified_and_gsc_submitted,2026-08-15,2026-08-22,2026-08-29,2026-08-29,"Production 200/self-canonical/in sitemap verified; user confirmed GSC Request Indexing.","Read-only review on 2026-08-22 and 2026-08-29; preserve chart-literacy boundary.","Task20.7 closeout."
https://chartmini.com/blog/how-to-recover-from-trading-loss,protected_observation,deploy_verified_duplicate_consolidation_and_gsc_submitted,2026-08-15,2026-08-22,2026-08-29,2026-08-29,"Behavioral owner live 200/self-canonical/in sitemap; duplicate long slug and /blog/2026012901 direct 301; user confirmed GSC Request Indexing.","Read-only review on 2026-08-22 and 2026-08-29.","Task20.8 recovery cluster closeout."
https://chartmini.com/blog/trading-journal-mastery-how-to-review-analyze-and-improve-your-trading-in-2026-2026,protected_observation,deploy_verified_duplicate_consolidation_existing_indexation_user_confirmed,2026-08-15,2026-08-22,2026-08-29,2026-08-29,"Broad Journal owner live 200/self-canonical/in sitemap; duplicate long slug and /blog/2026010503 direct 301. User reported owner already indexed, so no GSC resubmission.","Read-only review on 2026-08-22 and 2026-08-29.","Task20.8 journal cluster closeout."
